profile,region,tipo,resource_id,parent_id,name,status,engine,size_gb,encrypted,kms_key_id,start_time,description,snapshot_type,tags_name
corporateprod,sa-east-1,ebs,snap-093768be01532f47b,vol-026d369c3fa12a1c1,snap-093768be01532f47b,completed,,57,True,arn:aws:kms:sa-east-1:564593125549:key/af04939f-4d0a-461b-ae2f-8a8e5cececc4,2025-12-16T06:46:40.923000+00:00,Created by CreateImage(i-0a1e3f5c5d55146d5) for ami-09e748c170fa113fd,,root-extend
corporateprod,sa-east-1,ebs,snap-0a0a5546a5dfedd41,vol-026d369c3fa12a1c1,snap-0a0a5546a5dfedd41,completed,,57,True,arn:aws:kms:sa-east-1:564593125549:key/af04939f-4d0a-461b-ae2f-8a8e5cececc4,2025-12-15T06:42:47.984000+00:00,Created by CreateImage(i-0a1e3f5c5d55146d5) for ami-090afbd8de6ce381a,,root-extend
corporateprod,sa-east-1,ebs,snap-02b9e136b40accca7,vol-026d369c3fa12a1c1,snap-02b9e136b40accca7,completed,,57,True,arn:aws:kms:sa-east-1:564593125549:key/af04939f-4d0a-461b-ae2f-8a8e5cececc4,2025-12-14T06:46:30.392000+00:00,Created by CreateImage(i-0a1e3f5c5d55146d5) for ami-0d7206be2edf4b03f,,root-extend
corporateprod,sa-east-1,ebs,snap-0eb5d38acf4c16ddb,vol-026d369c3fa12a1c1,snap-0eb5d38acf4c16ddb,completed,,57,True,arn:aws:kms:sa-east-1:564593125549:key/af04939f-4d0a-461b-ae2f-8a8e5cececc4,2025-12-13T06:42:20.331000+00:00,Created by CreateImage(i-0a1e3f5c5d55146d5) for ami-063f81efc6675d2b8,,root-extend
corporateprod,sa-east-1,ebs,snap-07be6688a56fe4103,vol-026d369c3fa12a1c1,snap-07be6688a56fe4103,completed,,57,True,arn:aws:kms:sa-east-1:564593125549:key/af04939f-4d0a-461b-ae2f-8a8e5cececc4,2025-12-12T06:46:19.185000+00:00,Created by CreateImage(i-0a1e3f5c5d55146d5) for ami-02d95b7c82723b10d,,root-extend
corporateprod,sa-east-1,ebs,snap-0ae45b3954aa5b068,vol-026d369c3fa12a1c1,snap-0ae45b3954aa5b068,completed,,57,True,arn:aws:kms:sa-east-1:564593125549:key/af04939f-4d0a-461b-ae2f-8a8e5cececc4,2025-12-11T06:49:12.231000+00:00,Created by CreateImage(i-0a1e3f5c5d55146d5) for ami-06dda7232fc9d720b,,root-extend
corporateprod,sa-east-1,ebs,snap-00a6617a8acda0443,vol-026d369c3fa12a1c1,snap-00a6617a8acda0443,completed,,57,True,arn:aws:kms:sa-east-1:564593125549:key/af04939f-4d0a-461b-ae2f-8a8e5cececc4,2025-12-10T06:45:34.138000+00:00,Created by CreateImage(i-0a1e3f5c5d55146d5) for ami-04b5005567210a1a3,,root-extend
corporateprod,sa-east-1,ebs,snap-0279aebb9fa0daab7,vol-026d369c3fa12a1c1,snap-0279aebb9fa0daab7,completed,,57,True,arn:aws:kms:sa-east-1:564593125549:key/af04939f-4d0a-461b-ae2f-8a8e5cececc4,2025-12-09T06:46:04.391000+00:00,Created by CreateImage(i-0a1e3f5c5d55146d5) for ami-07d27dec914f1dd25,,root-extend
corporateprod,sa-east-1,ebs,snap-04a7db77857345b09,vol-026d369c3fa12a1c1,snap-04a7db77857345b09,completed,,57,True,arn:aws:kms:sa-east-1:564593125549:key/af04939f-4d0a-461b-ae2f-8a8e5cececc4,2025-12-08T06:42:43.900000+00:00,Created by CreateImage(i-0a1e3f5c5d55146d5) for ami-0cbf50d6f5016f77b,,root-extend
corporateprod,sa-east-1,ebs,snap-0a00be2b9e2f8b545,vol-026d369c3fa12a1c1,snap-0a00be2b9e2f8b545,completed,,57,True,arn:aws:kms:sa-east-1:564593125549:key/af04939f-4d0a-461b-ae2f-8a8e5cececc4,2025-12-07T06:47:11.929000+00:00,Created by CreateImage(i-0a1e3f5c5d55146d5) for ami-05e29d7d3550e6446,,root-extend
corporateprod,sa-east-1,ebs,snap-0b4b475de4ea717d6,vol-026d369c3fa12a1c1,snap-0b4b475de4ea717d6,completed,,57,True,arn:aws:kms:sa-east-1:564593125549:key/af04939f-4d0a-461b-ae2f-8a8e5cececc4,2025-12-06T06:44:02.969000+00:00,Created by CreateImage(i-0a1e3f5c5d55146d5) for ami-0f739d82b2a0ccd54,,root-extend
corporateprod,sa-east-1,ebs,snap-0f028043b1083b842,vol-026d369c3fa12a1c1,snap-0f028043b1083b842,completed,,57,True,arn:aws:kms:sa-east-1:564593125549:key/af04939f-4d0a-461b-ae2f-8a8e5cececc4,2025-12-05T06:48:57.845000+00:00,Created by CreateImage(i-0a1e3f5c5d55146d5) for ami-05d2c6f4698282d54,,root-extend
corporateprod,sa-east-1,ebs,snap-08fb152287d32d52f,vol-026d369c3fa12a1c1,snap-08fb152287d32d52f,completed,,57,True,arn:aws:kms:sa-east-1:564593125549:key/af04939f-4d0a-461b-ae2f-8a8e5cececc4,2025-12-04T06:42:58.394000+00:00,Created by CreateImage(i-0a1e3f5c5d55146d5) for ami-043b1d79419e5936d,,root-extend
corporateprod,sa-east-1,ebs,snap-099b96e22d8e072fe,vol-026d369c3fa12a1c1,snap-099b96e22d8e072fe,completed,,57,True,arn:aws:kms:sa-east-1:564593125549:key/af04939f-4d0a-461b-ae2f-8a8e5cececc4,2025-12-03T06:46:30.188000+00:00,Created by CreateImage(i-0a1e3f5c5d55146d5) for ami-0e54f6666d915c1ee,,root-extend
corporateprod,sa-east-1,ebs,snap-073cb959902b10915,vol-026d369c3fa12a1c1,snap-073cb959902b10915,completed,,57,True,arn:aws:kms:sa-east-1:564593125549:key/af04939f-4d0a-461b-ae2f-8a8e5cececc4,2025-12-02T06:46:46.009000+00:00,Created by CreateImage(i-0a1e3f5c5d55146d5) for ami-0f6c4ac50f790dea7,,root-extend
corporateprod,sa-east-1,ebs,snap-09887d544f564c374,vol-026d369c3fa12a1c1,snap-09887d544f564c374,completed,,57,True,arn:aws:kms:sa-east-1:564593125549:key/af04939f-4d0a-461b-ae2f-8a8e5cececc4,2025-12-01T06:45:30.021000+00:00,Created by CreateImage(i-0a1e3f5c5d55146d5) for ami-050c2beff1ff367d3,,root-extend
corporateprod,sa-east-1,ebs,snap-0586b808e4f4769c5,vol-026d369c3fa12a1c1,snap-0586b808e4f4769c5,completed,,57,True,arn:aws:kms:sa-east-1:564593125549:key/af04939f-4d0a-461b-ae2f-8a8e5cececc4,2025-11-30T06:44:29.115000+00:00,Created by CreateImage(i-0a1e3f5c5d55146d5) for ami-08e77273a5ab362c0,,root-extend
corporateprod,sa-east-1,ebs,snap-04248a6e96714d1d3,vol-026d369c3fa12a1c1,snap-04248a6e96714d1d3,completed,,57,True,arn:aws:kms:sa-east-1:564593125549:key/af04939f-4d0a-461b-ae2f-8a8e5cececc4,2025-11-29T06:48:22.122000+00:00,Created by CreateImage(i-0a1e3f5c5d55146d5) for ami-04e8445b5e5c9a75a,,root-extend
corporateprod,sa-east-1,ebs,snap-001a9583df775f0ea,vol-026d369c3fa12a1c1,snap-001a9583df775f0ea,completed,,57,True,arn:aws:kms:sa-east-1:564593125549:key/af04939f-4d0a-461b-ae2f-8a8e5cececc4,2025-11-28T06:42:45.319000+00:00,Created by CreateImage(i-0a1e3f5c5d55146d5) for ami-027c8a488766d2f26,,root-extend
corporateprod,sa-east-1,ebs,snap-0312af36825491284,vol-026d369c3fa12a1c1,snap-0312af36825491284,completed,,57,True,arn:aws:kms:sa-east-1:564593125549:key/af04939f-4d0a-461b-ae2f-8a8e5cececc4,2025-11-27T06:43:17.346000+00:00,Created by CreateImage(i-0a1e3f5c5d55146d5) for ami-0eb93eee6a3f52411,,root-extend
corporateprod,sa-east-1,ebs,snap-01d506ccf7d07ff62,vol-026d369c3fa12a1c1,snap-01d506ccf7d07ff62,completed,,57,True,arn:aws:kms:sa-east-1:564593125549:key/af04939f-4d0a-461b-ae2f-8a8e5cececc4,2025-11-26T06:45:26.719000+00:00,Created by CreateImage(i-0a1e3f5c5d55146d5) for ami-0ea89311fe36c4049,,root-extend
corporateprod,sa-east-1,ebs,snap-07dcaac5d00ea94dc,vol-026d369c3fa12a1c1,snap-07dcaac5d00ea94dc,completed,,57,True,arn:aws:kms:sa-east-1:564593125549:key/af04939f-4d0a-461b-ae2f-8a8e5cececc4,2025-11-25T06:42:35.921000+00:00,Created by CreateImage(i-0a1e3f5c5d55146d5) for ami-0deb9db5abd9d6e1a,,root-extend
corporateprod,sa-east-1,ebs,snap-0790d39b2db45c3fb,vol-026d369c3fa12a1c1,snap-0790d39b2db45c3fb,completed,,57,True,arn:aws:kms:sa-east-1:564593125549:key/af04939f-4d0a-461b-ae2f-8a8e5cececc4,2025-11-24T06:42:25.119000+00:00,Created by CreateImage(i-0a1e3f5c5d55146d5) for ami-0dc298f027d012624,,root-extend
corporateprod,sa-east-1,ebs,snap-085660477d1e6a040,vol-026d369c3fa12a1c1,snap-085660477d1e6a040,completed,,57,True,arn:aws:kms:sa-east-1:564593125549:key/af04939f-4d0a-461b-ae2f-8a8e5cececc4,2025-11-23T06:42:17.937000+00:00,Created by CreateImage(i-0a1e3f5c5d55146d5) for ami-0d7e324a2654db435,,root-extend
corporateprod,sa-east-1,ebs,snap-09e32d51bc1b327e1,vol-026d369c3fa12a1c1,snap-09e32d51bc1b327e1,completed,,57,True,arn:aws:kms:sa-east-1:564593125549:key/af04939f-4d0a-461b-ae2f-8a8e5cececc4,2025-11-22T06:43:06.247000+00:00,Created by CreateImage(i-0a1e3f5c5d55146d5) for ami-0bf0a4380ab747026,,root-extend
corporateprod,sa-east-1,ebs,snap-0b4ad848ce065fc88,vol-026d369c3fa12a1c1,snap-0b4ad848ce065fc88,completed,,57,True,arn:aws:kms:sa-east-1:564593125549:key/af04939f-4d0a-461b-ae2f-8a8e5cececc4,2025-11-21T06:42:44.436000+00:00,Created by CreateImage(i-0a1e3f5c5d55146d5) for ami-07d9c602f3e967c75,,root-extend
corporateprod,sa-east-1,ebs,snap-089df817904ca3bc7,vol-026d369c3fa12a1c1,snap-089df817904ca3bc7,completed,,57,True,arn:aws:kms:sa-east-1:564593125549:key/af04939f-4d0a-461b-ae2f-8a8e5cececc4,2025-11-20T06:42:07.946000+00:00,Created by CreateImage(i-0a1e3f5c5d55146d5) for ami-0a3bdeae7138b0441,,root-extend
corporateprod,sa-east-1,ebs,snap-02248080680ce4cb9,vol-026d369c3fa12a1c1,snap-02248080680ce4cb9,completed,,57,True,arn:aws:kms:sa-east-1:564593125549:key/af04939f-4d0a-461b-ae2f-8a8e5cececc4,2025-11-19T06:46:30.172000+00:00,Created by CreateImage(i-0a1e3f5c5d55146d5) for ami-0da2ed50e8255d1dc,,root-extend
corporateprod,sa-east-1,ebs,snap-03ca899401f8871d4,vol-026d369c3fa12a1c1,snap-03ca899401f8871d4,completed,,57,True,arn:aws:kms:sa-east-1:564593125549:key/af04939f-4d0a-461b-ae2f-8a8e5cececc4,2025-11-18T06:45:16.759000+00:00,Created by CreateImage(i-0a1e3f5c5d55146d5) for ami-09e59ea8c9ec0795d,,root-extend
corporateprod,sa-east-1,ebs,snap-0d0b69540544d77b5,vol-026d369c3fa12a1c1,snap-0d0b69540544d77b5,completed,,57,True,arn:aws:kms:sa-east-1:564593125549:key/af04939f-4d0a-461b-ae2f-8a8e5cececc4,2025-11-17T06:45:08.031000+00:00,Created by CreateImage(i-0a1e3f5c5d55146d5) for ami-0eff0a665b24588d9,,root-extend
corporateprod,sa-east-1,ebs,snap-0b6af5989b55041e6,vol-061f6eebc6ed90c44,snap-0b6af5989b55041e6,completed,,40,True,arn:aws:kms:sa-east-1:363353661606:key/52ef2dd4-4fb4-4e7d-8683-930d90b9e636,2025-12-16T06:46:40.923000+00:00,Created by CreateImage(i-0a1e3f5c5d55146d5) for ami-09e748c170fa113fd,,
corporateprod,sa-east-1,ebs,snap-00c95bd1ebf5ba8a9,vol-0157f3ca4bb524022,snap-00c95bd1ebf5ba8a9,completed,,100,True,arn:aws:kms:sa-east-1:564593125549:key/af04939f-4d0a-461b-ae2f-8a8e5cececc4,2025-12-16T06:46:40.923000+00:00,Created by CreateImage(i-0a1e3f5c5d55146d5) for ami-09e748c170fa113fd,,
corporateprod,sa-east-1,ebs,snap-0fd255bf9ebe435b7,vol-05c45c2ff1dded97c,snap-0fd255bf9ebe435b7,completed,,100,True,arn:aws:kms:sa-east-1:564593125549:key/af04939f-4d0a-461b-ae2f-8a8e5cececc4,2025-12-16T03:52:34.167000+00:00,Created by CreateImage(i-09d72d2f1b3e62466) for ami-0328382f5926fa187,,
corporateprod,sa-east-1,ebs,snap-0ffd3dcf2b29041b1,vol-061f6eebc6ed90c44,snap-0ffd3dcf2b29041b1,completed,,40,True,arn:aws:kms:sa-east-1:363353661606:key/52ef2dd4-4fb4-4e7d-8683-930d90b9e636,2025-12-15T06:42:47.984000+00:00,Created by CreateImage(i-0a1e3f5c5d55146d5) for ami-090afbd8de6ce381a,,
corporateprod,sa-east-1,ebs,snap-0a2fb57e4c74be5ec,vol-0157f3ca4bb524022,snap-0a2fb57e4c74be5ec,completed,,100,True,arn:aws:kms:sa-east-1:564593125549:key/af04939f-4d0a-461b-ae2f-8a8e5cececc4,2025-12-15T06:42:47.984000+00:00,Created by CreateImage(i-0a1e3f5c5d55146d5) for ami-090afbd8de6ce381a,,
corporateprod,sa-east-1,ebs,snap-03e12f7566a8c66ce,vol-05c45c2ff1dded97c,snap-03e12f7566a8c66ce,completed,,100,True,arn:aws:kms:sa-east-1:564593125549:key/af04939f-4d0a-461b-ae2f-8a8e5cececc4,2025-12-15T03:52:44.015000+00:00,Created by CreateImage(i-09d72d2f1b3e62466) for ami-0d5c9278d37351199,,
corporateprod,sa-east-1,ebs,snap-03e86d8fa08a59aa0,vol-061f6eebc6ed90c44,snap-03e86d8fa08a59aa0,completed,,40,True,arn:aws:kms:sa-east-1:363353661606:key/52ef2dd4-4fb4-4e7d-8683-930d90b9e636,2025-12-14T06:46:30.392000+00:00,Created by CreateImage(i-0a1e3f5c5d55146d5) for ami-0d7206be2edf4b03f,,
corporateprod,sa-east-1,ebs,snap-0fdc051770ad40848,vol-0157f3ca4bb524022,snap-0fdc051770ad40848,completed,,100,True,arn:aws:kms:sa-east-1:564593125549:key/af04939f-4d0a-461b-ae2f-8a8e5cececc4,2025-12-14T06:46:30.392000+00:00,Created by CreateImage(i-0a1e3f5c5d55146d5) for ami-0d7206be2edf4b03f,,
corporateprod,sa-east-1,ebs,snap-01f33ec4efa04aeb7,vol-05c45c2ff1dded97c,snap-01f33ec4efa04aeb7,completed,,100,True,arn:aws:kms:sa-east-1:564593125549:key/af04939f-4d0a-461b-ae2f-8a8e5cececc4,2025-12-14T03:52:51.077000+00:00,Created by CreateImage(i-09d72d2f1b3e62466) for ami-0ba540459d66ca15e,,
corporateprod,sa-east-1,ebs,snap-0c4fcc80370947e22,vol-061f6eebc6ed90c44,snap-0c4fcc80370947e22,completed,,40,True,arn:aws:kms:sa-east-1:363353661606:key/52ef2dd4-4fb4-4e7d-8683-930d90b9e636,2025-12-13T06:42:20.331000+00:00,Created by CreateImage(i-0a1e3f5c5d55146d5) for ami-063f81efc6675d2b8,,
corporateprod,sa-east-1,ebs,snap-0217f30933d510fc8,vol-0157f3ca4bb524022,snap-0217f30933d510fc8,completed,,100,True,arn:aws:kms:sa-east-1:564593125549:key/af04939f-4d0a-461b-ae2f-8a8e5cececc4,2025-12-13T06:42:20.331000+00:00,Created by CreateImage(i-0a1e3f5c5d55146d5) for ami-063f81efc6675d2b8,,
corporateprod,sa-east-1,ebs,snap-02c63cf74ccbb0f89,vol-0157f3ca4bb524022,snap-02c63cf74ccbb0f89,completed,,100,True,arn:aws:kms:sa-east-1:564593125549:key/af04939f-4d0a-461b-ae2f-8a8e5cececc4,2025-12-12T06:46:19.185000+00:00,Created by CreateImage(i-0a1e3f5c5d55146d5) for ami-02d95b7c82723b10d,,
corporateprod,sa-east-1,ebs,snap-0e37ae76571a9f234,vol-061f6eebc6ed90c44,snap-0e37ae76571a9f234,completed,,40,True,arn:aws:kms:sa-east-1:363353661606:key/52ef2dd4-4fb4-4e7d-8683-930d90b9e636,2025-12-12T06:46:19.185000+00:00,Created by CreateImage(i-0a1e3f5c5d55146d5) for ami-02d95b7c82723b10d,,
corporateprod,sa-east-1,ebs,snap-098ca926deb2fffc4,vol-05c45c2ff1dded97c,snap-098ca926deb2fffc4,completed,,100,True,arn:aws:kms:sa-east-1:564593125549:key/af04939f-4d0a-461b-ae2f-8a8e5cececc4,2025-12-12T03:50:06.895000+00:00,Created by CreateImage(i-09d72d2f1b3e62466) for ami-0d0956df73fd19286,,
corporateprod,sa-east-1,ebs,snap-05c61f40bad21b782,vol-061f6eebc6ed90c44,snap-05c61f40bad21b782,completed,,40,True,arn:aws:kms:sa-east-1:363353661606:key/52ef2dd4-4fb4-4e7d-8683-930d90b9e636,2025-12-11T06:49:12.231000+00:00,Created by CreateImage(i-0a1e3f5c5d55146d5) for ami-06dda7232fc9d720b,,
corporateprod,sa-east-1,ebs,snap-06bda8720be7edc8f,vol-0157f3ca4bb524022,snap-06bda8720be7edc8f,completed,,100,True,arn:aws:kms:sa-east-1:564593125549:key/af04939f-4d0a-461b-ae2f-8a8e5cececc4,2025-12-11T06:49:12.231000+00:00,Created by CreateImage(i-0a1e3f5c5d55146d5) for ami-06dda7232fc9d720b,,
corporateprod,sa-east-1,ebs,snap-0b1eae6d0d204d56a,vol-05c45c2ff1dded97c,snap-0b1eae6d0d204d56a,completed,,100,True,arn:aws:kms:sa-east-1:564593125549:key/af04939f-4d0a-461b-ae2f-8a8e5cececc4,2025-12-11T03:50:08.252000+00:00,Created by CreateImage(i-09d72d2f1b3e62466) for ami-046ebef9c598432dd,,
corporateprod,sa-east-1,ebs,snap-0076274acd84bd746,vol-0157f3ca4bb524022,snap-0076274acd84bd746,completed,,100,True,arn:aws:kms:sa-east-1:564593125549:key/af04939f-4d0a-461b-ae2f-8a8e5cececc4,2025-12-10T06:45:34.138000+00:00,Created by CreateImage(i-0a1e3f5c5d55146d5) for ami-04b5005567210a1a3,,
corporateprod,sa-east-1,ebs,snap-0f08822a4c87f893f,vol-061f6eebc6ed90c44,snap-0f08822a4c87f893f,completed,,40,True,arn:aws:kms:sa-east-1:363353661606:key/52ef2dd4-4fb4-4e7d-8683-930d90b9e636,2025-12-10T06:45:34.138000+00:00,Created by CreateImage(i-0a1e3f5c5d55146d5) for ami-04b5005567210a1a3,,
corporateprod,sa-east-1,ebs,snap-0f901bb98ec7656e8,vol-05c45c2ff1dded97c,snap-0f901bb98ec7656e8,completed,,100,True,arn:aws:kms:sa-east-1:564593125549:key/af04939f-4d0a-461b-ae2f-8a8e5cececc4,2025-12-10T03:53:07.906000+00:00,Created by CreateImage(i-09d72d2f1b3e62466) for ami-05d644cf9f28cdd02,,
corporateprod,sa-east-1,ebs,snap-09c200b9845dfb9c2,vol-061f6eebc6ed90c44,snap-09c200b9845dfb9c2,completed,,40,True,arn:aws:kms:sa-east-1:363353661606:key/52ef2dd4-4fb4-4e7d-8683-930d90b9e636,2025-12-09T06:46:04.391000+00:00,Created by CreateImage(i-0a1e3f5c5d55146d5) for ami-07d27dec914f1dd25,,
corporateprod,sa-east-1,ebs,snap-03779eef211e04287,vol-0157f3ca4bb524022,snap-03779eef211e04287,completed,,100,True,arn:aws:kms:sa-east-1:564593125549:key/af04939f-4d0a-461b-ae2f-8a8e5cececc4,2025-12-09T06:46:04.391000+00:00,Created by CreateImage(i-0a1e3f5c5d55146d5) for ami-07d27dec914f1dd25,,
corporateprod,sa-east-1,ebs,snap-00c29f246ddc76292,vol-05c45c2ff1dded97c,snap-00c29f246ddc76292,completed,,100,True,arn:aws:kms:sa-east-1:564593125549:key/af04939f-4d0a-461b-ae2f-8a8e5cececc4,2025-12-09T03:48:25.202000+00:00,Created by CreateImage(i-09d72d2f1b3e62466) for ami-0bac2866061ab40d9,,
corporateprod,sa-east-1,ebs,snap-0e50db34b0852c880,vol-061f6eebc6ed90c44,snap-0e50db34b0852c880,completed,,40,True,arn:aws:kms:sa-east-1:363353661606:key/52ef2dd4-4fb4-4e7d-8683-930d90b9e636,2025-12-08T06:42:43.900000+00:00,Created by CreateImage(i-0a1e3f5c5d55146d5) for ami-0cbf50d6f5016f77b,,
corporateprod,sa-east-1,ebs,snap-0f476fca7e9e8b34d,vol-0157f3ca4bb524022,snap-0f476fca7e9e8b34d,completed,,100,True,arn:aws:kms:sa-east-1:564593125549:key/af04939f-4d0a-461b-ae2f-8a8e5cececc4,2025-12-08T06:42:43.900000+00:00,Created by CreateImage(i-0a1e3f5c5d55146d5) for ami-0cbf50d6f5016f77b,,
corporateprod,sa-east-1,ebs,snap-0f4cfb54fb6eedf73,vol-05c45c2ff1dded97c,snap-0f4cfb54fb6eedf73,completed,,100,True,arn:aws:kms:sa-east-1:564593125549:key/af04939f-4d0a-461b-ae2f-8a8e5cececc4,2025-12-08T03:53:35.057000+00:00,Created by CreateImage(i-09d72d2f1b3e62466) for ami-0f447a68b75a2ccc5,,
corporateprod,sa-east-1,ebs,snap-00bb2adbb517f64c5,vol-0157f3ca4bb524022,snap-00bb2adbb517f64c5,completed,,100,True,arn:aws:kms:sa-east-1:564593125549:key/af04939f-4d0a-461b-ae2f-8a8e5cececc4,2025-12-07T06:47:11.929000+00:00,Created by CreateImage(i-0a1e3f5c5d55146d5) for ami-05e29d7d3550e6446,,
corporateprod,sa-east-1,ebs,snap-00c92ad6828ab1c17,vol-061f6eebc6ed90c44,snap-00c92ad6828ab1c17,completed,,40,True,arn:aws:kms:sa-east-1:363353661606:key/52ef2dd4-4fb4-4e7d-8683-930d90b9e636,2025-12-07T06:47:11.929000+00:00,Created by CreateImage(i-0a1e3f5c5d55146d5) for ami-05e29d7d3550e6446,,
corporateprod,sa-east-1,ebs,snap-02ba019cff8b2fc5f,vol-05c45c2ff1dded97c,snap-02ba019cff8b2fc5f,completed,,100,True,arn:aws:kms:sa-east-1:564593125549:key/af04939f-4d0a-461b-ae2f-8a8e5cececc4,2025-12-07T03:51:56.096000+00:00,Created by CreateImage(i-09d72d2f1b3e62466) for ami-001bf873bc6abe616,,
corporateprod,sa-east-1,ebs,snap-06c67c23f3bb09397,vol-0157f3ca4bb524022,snap-06c67c23f3bb09397,completed,,100,True,arn:aws:kms:sa-east-1:564593125549:key/af04939f-4d0a-461b-ae2f-8a8e5cececc4,2025-12-06T06:44:02.969000+00:00,Created by CreateImage(i-0a1e3f5c5d55146d5) for ami-0f739d82b2a0ccd54,,
corporateprod,sa-east-1,ebs,snap-0a7663a7c119cc803,vol-061f6eebc6ed90c44,snap-0a7663a7c119cc803,completed,,40,True,arn:aws:kms:sa-east-1:363353661606:key/52ef2dd4-4fb4-4e7d-8683-930d90b9e636,2025-12-06T06:44:02.969000+00:00,Created by CreateImage(i-0a1e3f5c5d55146d5) for ami-0f739d82b2a0ccd54,,
corporateprod,sa-east-1,ebs,snap-0f4e4214f95aede48,vol-061f6eebc6ed90c44,snap-0f4e4214f95aede48,completed,,40,True,arn:aws:kms:sa-east-1:363353661606:key/52ef2dd4-4fb4-4e7d-8683-930d90b9e636,2025-12-05T06:48:57.845000+00:00,Created by CreateImage(i-0a1e3f5c5d55146d5) for ami-05d2c6f4698282d54,,
corporateprod,sa-east-1,ebs,snap-0cdd259270fe1cf1e,vol-0157f3ca4bb524022,snap-0cdd259270fe1cf1e,completed,,100,True,arn:aws:kms:sa-east-1:564593125549:key/af04939f-4d0a-461b-ae2f-8a8e5cececc4,2025-12-05T06:48:57.845000+00:00,Created by CreateImage(i-0a1e3f5c5d55146d5) for ami-05d2c6f4698282d54,,
corporateprod,sa-east-1,ebs,snap-007e20e9c3c399ffa,vol-0157f3ca4bb524022,snap-007e20e9c3c399ffa,completed,,100,True,arn:aws:kms:sa-east-1:564593125549:key/af04939f-4d0a-461b-ae2f-8a8e5cececc4,2025-12-04T06:42:58.394000+00:00,Created by CreateImage(i-0a1e3f5c5d55146d5) for ami-043b1d79419e5936d,,
corporateprod,sa-east-1,ebs,snap-0261721f43474d3b4,vol-061f6eebc6ed90c44,snap-0261721f43474d3b4,completed,,40,True,arn:aws:kms:sa-east-1:363353661606:key/52ef2dd4-4fb4-4e7d-8683-930d90b9e636,2025-12-04T06:42:58.394000+00:00,Created by CreateImage(i-0a1e3f5c5d55146d5) for ami-043b1d79419e5936d,,
corporateprod,sa-east-1,ebs,snap-0c4d6fec7d7bfdb09,vol-0157f3ca4bb524022,snap-0c4d6fec7d7bfdb09,completed,,100,True,arn:aws:kms:sa-east-1:564593125549:key/af04939f-4d0a-461b-ae2f-8a8e5cececc4,2025-12-03T06:46:30.188000+00:00,Created by CreateImage(i-0a1e3f5c5d55146d5) for ami-0e54f6666d915c1ee,,
corporateprod,sa-east-1,ebs,snap-0e748c9445fb95d8c,vol-061f6eebc6ed90c44,snap-0e748c9445fb95d8c,completed,,40,True,arn:aws:kms:sa-east-1:363353661606:key/52ef2dd4-4fb4-4e7d-8683-930d90b9e636,2025-12-03T06:46:30.188000+00:00,Created by CreateImage(i-0a1e3f5c5d55146d5) for ami-0e54f6666d915c1ee,,
corporateprod,sa-east-1,ebs,snap-0e14f5bf790b23b97,vol-0157f3ca4bb524022,snap-0e14f5bf790b23b97,completed,,100,True,arn:aws:kms:sa-east-1:564593125549:key/af04939f-4d0a-461b-ae2f-8a8e5cececc4,2025-12-02T06:46:46.009000+00:00,Created by CreateImage(i-0a1e3f5c5d55146d5) for ami-0f6c4ac50f790dea7,,
corporateprod,sa-east-1,ebs,snap-03c1908493af43fe3,vol-061f6eebc6ed90c44,snap-03c1908493af43fe3,completed,,40,True,arn:aws:kms:sa-east-1:363353661606:key/52ef2dd4-4fb4-4e7d-8683-930d90b9e636,2025-12-02T06:46:46.009000+00:00,Created by CreateImage(i-0a1e3f5c5d55146d5) for ami-0f6c4ac50f790dea7,,
corporateprod,sa-east-1,ebs,snap-0ae10a1971a6ccff4,vol-061f6eebc6ed90c44,snap-0ae10a1971a6ccff4,completed,,40,True,arn:aws:kms:sa-east-1:363353661606:key/52ef2dd4-4fb4-4e7d-8683-930d90b9e636,2025-12-01T06:45:30.021000+00:00,Created by CreateImage(i-0a1e3f5c5d55146d5) for ami-050c2beff1ff367d3,,
corporateprod,sa-east-1,ebs,snap-06bf129725b93be84,vol-0157f3ca4bb524022,snap-06bf129725b93be84,completed,,100,True,arn:aws:kms:sa-east-1:564593125549:key/af04939f-4d0a-461b-ae2f-8a8e5cececc4,2025-12-01T06:45:30.021000+00:00,Created by CreateImage(i-0a1e3f5c5d55146d5) for ami-050c2beff1ff367d3,,
corporateprod,sa-east-1,ebs,snap-0a8f64325d0007e69,vol-061f6eebc6ed90c44,snap-0a8f64325d0007e69,completed,,40,True,arn:aws:kms:sa-east-1:363353661606:key/52ef2dd4-4fb4-4e7d-8683-930d90b9e636,2025-11-30T06:44:29.115000+00:00,Created by CreateImage(i-0a1e3f5c5d55146d5) for ami-08e77273a5ab362c0,,
corporateprod,sa-east-1,ebs,snap-0b6e6c5c8bb329963,vol-0157f3ca4bb524022,snap-0b6e6c5c8bb329963,completed,,100,True,arn:aws:kms:sa-east-1:564593125549:key/af04939f-4d0a-461b-ae2f-8a8e5cececc4,2025-11-30T06:44:29.115000+00:00,Created by CreateImage(i-0a1e3f5c5d55146d5) for ami-08e77273a5ab362c0,,
corporateprod,sa-east-1,ebs,snap-09206e06d42cc1880,vol-0157f3ca4bb524022,snap-09206e06d42cc1880,completed,,100,True,arn:aws:kms:sa-east-1:564593125549:key/af04939f-4d0a-461b-ae2f-8a8e5cececc4,2025-11-29T06:48:22.122000+00:00,Created by CreateImage(i-0a1e3f5c5d55146d5) for ami-04e8445b5e5c9a75a,,
corporateprod,sa-east-1,ebs,snap-04a9bdf3886db8cac,vol-061f6eebc6ed90c44,snap-04a9bdf3886db8cac,completed,,40,True,arn:aws:kms:sa-east-1:363353661606:key/52ef2dd4-4fb4-4e7d-8683-930d90b9e636,2025-11-29T06:48:22.122000+00:00,Created by CreateImage(i-0a1e3f5c5d55146d5) for ami-04e8445b5e5c9a75a,,
corporateprod,sa-east-1,ebs,snap-026214e0a568c992e,vol-061f6eebc6ed90c44,snap-026214e0a568c992e,completed,,40,True,arn:aws:kms:sa-east-1:363353661606:key/52ef2dd4-4fb4-4e7d-8683-930d90b9e636,2025-11-28T06:42:45.319000+00:00,Created by CreateImage(i-0a1e3f5c5d55146d5) for ami-027c8a488766d2f26,,
corporateprod,sa-east-1,ebs,snap-02ec7117e3473a9a4,vol-0157f3ca4bb524022,snap-02ec7117e3473a9a4,completed,,100,True,arn:aws:kms:sa-east-1:564593125549:key/af04939f-4d0a-461b-ae2f-8a8e5cececc4,2025-11-28T06:42:45.319000+00:00,Created by CreateImage(i-0a1e3f5c5d55146d5) for ami-027c8a488766d2f26,,
corporateprod,sa-east-1,ebs,snap-0dcd77058af306acb,vol-0157f3ca4bb524022,snap-0dcd77058af306acb,completed,,100,True,arn:aws:kms:sa-east-1:564593125549:key/af04939f-4d0a-461b-ae2f-8a8e5cececc4,2025-11-27T06:43:17.346000+00:00,Created by CreateImage(i-0a1e3f5c5d55146d5) for ami-0eb93eee6a3f52411,,
corporateprod,sa-east-1,ebs,snap-0cb9c121b31b72c6a,vol-061f6eebc6ed90c44,snap-0cb9c121b31b72c6a,completed,,40,True,arn:aws:kms:sa-east-1:363353661606:key/52ef2dd4-4fb4-4e7d-8683-930d90b9e636,2025-11-27T06:43:17.346000+00:00,Created by CreateImage(i-0a1e3f5c5d55146d5) for ami-0eb93eee6a3f52411,,
corporateprod,sa-east-1,ebs,snap-0b6b9a9c4c54f0962,vol-061f6eebc6ed90c44,snap-0b6b9a9c4c54f0962,completed,,40,True,arn:aws:kms:sa-east-1:363353661606:key/52ef2dd4-4fb4-4e7d-8683-930d90b9e636,2025-11-26T06:45:26.719000+00:00,Created by CreateImage(i-0a1e3f5c5d55146d5) for ami-0ea89311fe36c4049,,
corporateprod,sa-east-1,ebs,snap-0c9ed826184c64024,vol-0157f3ca4bb524022,snap-0c9ed826184c64024,completed,,100,True,arn:aws:kms:sa-east-1:564593125549:key/af04939f-4d0a-461b-ae2f-8a8e5cececc4,2025-11-26T06:45:26.719000+00:00,Created by CreateImage(i-0a1e3f5c5d55146d5) for ami-0ea89311fe36c4049,,
corporateprod,sa-east-1,ebs,snap-021315733d9625829,vol-0157f3ca4bb524022,snap-021315733d9625829,completed,,100,True,arn:aws:kms:sa-east-1:564593125549:key/af04939f-4d0a-461b-ae2f-8a8e5cececc4,2025-11-25T06:42:35.921000+00:00,Created by CreateImage(i-0a1e3f5c5d55146d5) for ami-0deb9db5abd9d6e1a,,
corporateprod,sa-east-1,ebs,snap-0a4f2523eeb5778df,vol-061f6eebc6ed90c44,snap-0a4f2523eeb5778df,completed,,40,True,arn:aws:kms:sa-east-1:363353661606:key/52ef2dd4-4fb4-4e7d-8683-930d90b9e636,2025-11-25T06:42:35.921000+00:00,Created by CreateImage(i-0a1e3f5c5d55146d5) for ami-0deb9db5abd9d6e1a,,
corporateprod,sa-east-1,ebs,snap-0b2b81025f700509c,vol-0157f3ca4bb524022,snap-0b2b81025f700509c,completed,,100,True,arn:aws:kms:sa-east-1:564593125549:key/af04939f-4d0a-461b-ae2f-8a8e5cececc4,2025-11-24T06:42:25.119000+00:00,Created by CreateImage(i-0a1e3f5c5d55146d5) for ami-0dc298f027d012624,,
corporateprod,sa-east-1,ebs,snap-0de97a013470db469,vol-061f6eebc6ed90c44,snap-0de97a013470db469,completed,,40,True,arn:aws:kms:sa-east-1:363353661606:key/52ef2dd4-4fb4-4e7d-8683-930d90b9e636,2025-11-24T06:42:25.119000+00:00,Created by CreateImage(i-0a1e3f5c5d55146d5) for ami-0dc298f027d012624,,
corporateprod,sa-east-1,ebs,snap-02422ed9913ae74a6,vol-0157f3ca4bb524022,snap-02422ed9913ae74a6,completed,,100,True,arn:aws:kms:sa-east-1:564593125549:key/af04939f-4d0a-461b-ae2f-8a8e5cececc4,2025-11-23T06:42:17.937000+00:00,Created by CreateImage(i-0a1e3f5c5d55146d5) for ami-0d7e324a2654db435,,
corporateprod,sa-east-1,ebs,snap-0655db184abe43892,vol-061f6eebc6ed90c44,snap-0655db184abe43892,completed,,40,True,arn:aws:kms:sa-east-1:363353661606:key/52ef2dd4-4fb4-4e7d-8683-930d90b9e636,2025-11-23T06:42:17.937000+00:00,Created by CreateImage(i-0a1e3f5c5d55146d5) for ami-0d7e324a2654db435,,
corporateprod,sa-east-1,ebs,snap-0a627e55e6b5c6e05,vol-061f6eebc6ed90c44,snap-0a627e55e6b5c6e05,completed,,40,True,arn:aws:kms:sa-east-1:363353661606:key/52ef2dd4-4fb4-4e7d-8683-930d90b9e636,2025-11-22T06:43:06.247000+00:00,Created by CreateImage(i-0a1e3f5c5d55146d5) for ami-0bf0a4380ab747026,,
corporateprod,sa-east-1,ebs,snap-09d96c14f50521a89,vol-0157f3ca4bb524022,snap-09d96c14f50521a89,completed,,100,True,arn:aws:kms:sa-east-1:564593125549:key/af04939f-4d0a-461b-ae2f-8a8e5cececc4,2025-11-22T06:43:06.247000+00:00,Created by CreateImage(i-0a1e3f5c5d55146d5) for ami-0bf0a4380ab747026,,
corporateprod,sa-east-1,ebs,snap-039127eeecaaadfaf,vol-061f6eebc6ed90c44,snap-039127eeecaaadfaf,completed,,40,True,arn:aws:kms:sa-east-1:363353661606:key/52ef2dd4-4fb4-4e7d-8683-930d90b9e636,2025-11-21T06:42:44.436000+00:00,Created by CreateImage(i-0a1e3f5c5d55146d5) for ami-07d9c602f3e967c75,,
corporateprod,sa-east-1,ebs,snap-06d203e613954bf6f,vol-0157f3ca4bb524022,snap-06d203e613954bf6f,completed,,100,True,arn:aws:kms:sa-east-1:564593125549:key/af04939f-4d0a-461b-ae2f-8a8e5cececc4,2025-11-21T06:42:44.436000+00:00,Created by CreateImage(i-0a1e3f5c5d55146d5) for ami-07d9c602f3e967c75,,
corporateprod,sa-east-1,ebs,snap-002a00752ea601eac,vol-0157f3ca4bb524022,snap-002a00752ea601eac,completed,,100,True,arn:aws:kms:sa-east-1:564593125549:key/af04939f-4d0a-461b-ae2f-8a8e5cececc4,2025-11-20T06:42:07.946000+00:00,Created by CreateImage(i-0a1e3f5c5d55146d5) for ami-0a3bdeae7138b0441,,
corporateprod,sa-east-1,ebs,snap-0279eb9e8ea7fe4ba,vol-061f6eebc6ed90c44,snap-0279eb9e8ea7fe4ba,completed,,40,True,arn:aws:kms:sa-east-1:363353661606:key/52ef2dd4-4fb4-4e7d-8683-930d90b9e636,2025-11-20T06:42:07.946000+00:00,Created by CreateImage(i-0a1e3f5c5d55146d5) for ami-0a3bdeae7138b0441,,
corporateprod,sa-east-1,ebs,snap-0c00e1888566d76fd,vol-061f6eebc6ed90c44,snap-0c00e1888566d76fd,completed,,40,True,arn:aws:kms:sa-east-1:363353661606:key/52ef2dd4-4fb4-4e7d-8683-930d90b9e636,2025-11-19T06:46:30.172000+00:00,Created by CreateImage(i-0a1e3f5c5d55146d5) for ami-0da2ed50e8255d1dc,,
corporateprod,sa-east-1,ebs,snap-0472b8b94def5fd22,vol-0157f3ca4bb524022,snap-0472b8b94def5fd22,completed,,100,True,arn:aws:kms:sa-east-1:564593125549:key/af04939f-4d0a-461b-ae2f-8a8e5cececc4,2025-11-19T06:46:30.172000+00:00,Created by CreateImage(i-0a1e3f5c5d55146d5) for ami-0da2ed50e8255d1dc,,
corporateprod,sa-east-1,ebs,snap-017aed4d0cd5d470a,vol-0157f3ca4bb524022,snap-017aed4d0cd5d470a,completed,,100,True,arn:aws:kms:sa-east-1:564593125549:key/af04939f-4d0a-461b-ae2f-8a8e5cececc4,2025-11-18T06:45:16.759000+00:00,Created by CreateImage(i-0a1e3f5c5d55146d5) for ami-09e59ea8c9ec0795d,,
corporateprod,sa-east-1,ebs,snap-08a70640201678203,vol-061f6eebc6ed90c44,snap-08a70640201678203,completed,,40,True,arn:aws:kms:sa-east-1:363353661606:key/52ef2dd4-4fb4-4e7d-8683-930d90b9e636,2025-11-18T06:45:16.759000+00:00,Created by CreateImage(i-0a1e3f5c5d55146d5) for ami-09e59ea8c9ec0795d,,
corporateprod,sa-east-1,ebs,snap-08bd6cb39987a26fe,vol-061f6eebc6ed90c44,snap-08bd6cb39987a26fe,completed,,40,True,arn:aws:kms:sa-east-1:363353661606:key/52ef2dd4-4fb4-4e7d-8683-930d90b9e636,2025-11-17T06:45:08.031000+00:00,Created by CreateImage(i-0a1e3f5c5d55146d5) for ami-0eff0a665b24588d9,,
corporateprod,sa-east-1,ebs,snap-0c782f55ab9ff75d5,vol-0157f3ca4bb524022,snap-0c782f55ab9ff75d5,completed,,100,True,arn:aws:kms:sa-east-1:564593125549:key/af04939f-4d0a-461b-ae2f-8a8e5cececc4,2025-11-17T06:45:08.031000+00:00,Created by CreateImage(i-0a1e3f5c5d55146d5) for ami-0eff0a665b24588d9,,
corporateprod,sa-east-1,rds-cluster,rds:observabilidade-2025-12-16-03-13,observabilidade,rds:observabilidade-2025-12-16-03-13,available,aurora-postgresql,,True,arn:aws:kms:sa-east-1:564593125549:key/7e28e341-43f6-4e3c-8b99-71562488decd,2025-12-16T03:13:09.228000+00:00,,automated,
corporateprod,sa-east-1,docdb-cluster,rds:observabilidade-2025-12-16-03-13,observabilidade,rds:observabilidade-2025-12-16-03-13,available,docdb,,True,arn:aws:kms:sa-east-1:564593125549:key/7e28e341-43f6-4e3c-8b99-71562488decd,2025-12-16T03:13:09.228000+00:00,,automated,
corporateprod,sa-east-1,backup,arn:aws:ec2:sa-east-1::image/ami-09e748c170fa113fd,arn:aws:ec2:sa-east-1:564593125549:instance/i-0a1e3f5c5d55146d5,Default,COMPLETED,EC2,197.0,,arn:aws:kms:sa-east-1:363353661606:key/52ef2dd4-4fb4-4e7d-8683-930d90b9e636,,,,
corporateprod,sa-east-1,backup,arn:aws:ec2:sa-east-1::image/ami-090afbd8de6ce381a,arn:aws:ec2:sa-east-1:564593125549:instance/i-0a1e3f5c5d55146d5,Default,COMPLETED,EC2,197.0,,arn:aws:kms:sa-east-1:363353661606:key/52ef2dd4-4fb4-4e7d-8683-930d90b9e636,,,,
corporateprod,sa-east-1,backup,arn:aws:ec2:sa-east-1::image/ami-0d7206be2edf4b03f,arn:aws:ec2:sa-east-1:564593125549:instance/i-0a1e3f5c5d55146d5,Default,COMPLETED,EC2,197.0,,arn:aws:kms:sa-east-1:363353661606:key/52ef2dd4-4fb4-4e7d-8683-930d90b9e636,,,,
corporateprod,sa-east-1,backup,arn:aws:ec2:sa-east-1::image/ami-063f81efc6675d2b8,arn:aws:ec2:sa-east-1:564593125549:instance/i-0a1e3f5c5d55146d5,Default,COMPLETED,EC2,197.0,,arn:aws:kms:sa-east-1:363353661606:key/52ef2dd4-4fb4-4e7d-8683-930d90b9e636,,,,
corporateprod,sa-east-1,backup,arn:aws:ec2:sa-east-1::image/ami-02d95b7c82723b10d,arn:aws:ec2:sa-east-1:564593125549:instance/i-0a1e3f5c5d55146d5,Default,COMPLETED,EC2,197.0,,arn:aws:kms:sa-east-1:363353661606:key/52ef2dd4-4fb4-4e7d-8683-930d90b9e636,,,,
corporateprod,sa-east-1,backup,arn:aws:ec2:sa-east-1::image/ami-06dda7232fc9d720b,arn:aws:ec2:sa-east-1:564593125549:instance/i-0a1e3f5c5d55146d5,Default,COMPLETED,EC2,197.0,,arn:aws:kms:sa-east-1:363353661606:key/52ef2dd4-4fb4-4e7d-8683-930d90b9e636,,,,
corporateprod,sa-east-1,backup,arn:aws:ec2:sa-east-1::image/ami-04b5005567210a1a3,arn:aws:ec2:sa-east-1:564593125549:instance/i-0a1e3f5c5d55146d5,Default,COMPLETED,EC2,197.0,,arn:aws:kms:sa-east-1:363353661606:key/52ef2dd4-4fb4-4e7d-8683-930d90b9e636,,,,
corporateprod,sa-east-1,backup,arn:aws:ec2:sa-east-1::image/ami-07d27dec914f1dd25,arn:aws:ec2:sa-east-1:564593125549:instance/i-0a1e3f5c5d55146d5,Default,COMPLETED,EC2,197.0,,arn:aws:kms:sa-east-1:363353661606:key/52ef2dd4-4fb4-4e7d-8683-930d90b9e636,,,,
corporateprod,sa-east-1,backup,arn:aws:ec2:sa-east-1::image/ami-0cbf50d6f5016f77b,arn:aws:ec2:sa-east-1:564593125549:instance/i-0a1e3f5c5d55146d5,Default,COMPLETED,EC2,197.0,,arn:aws:kms:sa-east-1:363353661606:key/52ef2dd4-4fb4-4e7d-8683-930d90b9e636,,,,
corporateprod,sa-east-1,backup,arn:aws:ec2:sa-east-1::image/ami-05e29d7d3550e6446,arn:aws:ec2:sa-east-1:564593125549:instance/i-0a1e3f5c5d55146d5,Default,COMPLETED,EC2,197.0,,arn:aws:kms:sa-east-1:363353661606:key/52ef2dd4-4fb4-4e7d-8683-930d90b9e636,,,,
corporateprod,sa-east-1,backup,arn:aws:ec2:sa-east-1::image/ami-0f739d82b2a0ccd54,arn:aws:ec2:sa-east-1:564593125549:instance/i-0a1e3f5c5d55146d5,Default,COMPLETED,EC2,197.0,,arn:aws:kms:sa-east-1:363353661606:key/52ef2dd4-4fb4-4e7d-8683-930d90b9e636,,,,
corporateprod,sa-east-1,backup,arn:aws:ec2:sa-east-1::image/ami-05d2c6f4698282d54,arn:aws:ec2:sa-east-1:564593125549:instance/i-0a1e3f5c5d55146d5,Default,COMPLETED,EC2,197.0,,arn:aws:kms:sa-east-1:363353661606:key/52ef2dd4-4fb4-4e7d-8683-930d90b9e636,,,,
corporateprod,sa-east-1,backup,arn:aws:ec2:sa-east-1::image/ami-043b1d79419e5936d,arn:aws:ec2:sa-east-1:564593125549:instance/i-0a1e3f5c5d55146d5,Default,COMPLETED,EC2,197.0,,arn:aws:kms:sa-east-1:363353661606:key/52ef2dd4-4fb4-4e7d-8683-930d90b9e636,,,,
corporateprod,sa-east-1,backup,arn:aws:ec2:sa-east-1::image/ami-0e54f6666d915c1ee,arn:aws:ec2:sa-east-1:564593125549:instance/i-0a1e3f5c5d55146d5,Default,COMPLETED,EC2,197.0,,arn:aws:kms:sa-east-1:363353661606:key/52ef2dd4-4fb4-4e7d-8683-930d90b9e636,,,,
corporateprod,sa-east-1,backup,arn:aws:ec2:sa-east-1::image/ami-0f6c4ac50f790dea7,arn:aws:ec2:sa-east-1:564593125549:instance/i-0a1e3f5c5d55146d5,Default,COMPLETED,EC2,197.0,,arn:aws:kms:sa-east-1:363353661606:key/52ef2dd4-4fb4-4e7d-8683-930d90b9e636,,,,
corporateprod,sa-east-1,backup,arn:aws:ec2:sa-east-1::image/ami-050c2beff1ff367d3,arn:aws:ec2:sa-east-1:564593125549:instance/i-0a1e3f5c5d55146d5,Default,COMPLETED,EC2,197.0,,arn:aws:kms:sa-east-1:363353661606:key/52ef2dd4-4fb4-4e7d-8683-930d90b9e636,,,,
corporateprod,sa-east-1,backup,arn:aws:ec2:sa-east-1::image/ami-08e77273a5ab362c0,arn:aws:ec2:sa-east-1:564593125549:instance/i-0a1e3f5c5d55146d5,Default,COMPLETED,EC2,197.0,,arn:aws:kms:sa-east-1:363353661606:key/52ef2dd4-4fb4-4e7d-8683-930d90b9e636,,,,
corporateprod,sa-east-1,backup,arn:aws:ec2:sa-east-1::image/ami-04e8445b5e5c9a75a,arn:aws:ec2:sa-east-1:564593125549:instance/i-0a1e3f5c5d55146d5,Default,COMPLETED,EC2,197.0,,arn:aws:kms:sa-east-1:363353661606:key/52ef2dd4-4fb4-4e7d-8683-930d90b9e636,,,,
corporateprod,sa-east-1,backup,arn:aws:ec2:sa-east-1::image/ami-027c8a488766d2f26,arn:aws:ec2:sa-east-1:564593125549:instance/i-0a1e3f5c5d55146d5,Default,COMPLETED,EC2,197.0,,arn:aws:kms:sa-east-1:363353661606:key/52ef2dd4-4fb4-4e7d-8683-930d90b9e636,,,,
corporateprod,sa-east-1,backup,arn:aws:ec2:sa-east-1::image/ami-0eb93eee6a3f52411,arn:aws:ec2:sa-east-1:564593125549:instance/i-0a1e3f5c5d55146d5,Default,COMPLETED,EC2,197.0,,arn:aws:kms:sa-east-1:363353661606:key/52ef2dd4-4fb4-4e7d-8683-930d90b9e636,,,,
corporateprod,sa-east-1,backup,arn:aws:ec2:sa-east-1::image/ami-0ea89311fe36c4049,arn:aws:ec2:sa-east-1:564593125549:instance/i-0a1e3f5c5d55146d5,Default,COMPLETED,EC2,197.0,,arn:aws:kms:sa-east-1:363353661606:key/52ef2dd4-4fb4-4e7d-8683-930d90b9e636,,,,
corporateprod,sa-east-1,backup,arn:aws:ec2:sa-east-1::image/ami-0deb9db5abd9d6e1a,arn:aws:ec2:sa-east-1:564593125549:instance/i-0a1e3f5c5d55146d5,Default,COMPLETED,EC2,197.0,,arn:aws:kms:sa-east-1:363353661606:key/52ef2dd4-4fb4-4e7d-8683-930d90b9e636,,,,
corporateprod,sa-east-1,backup,arn:aws:ec2:sa-east-1::image/ami-0dc298f027d012624,arn:aws:ec2:sa-east-1:564593125549:instance/i-0a1e3f5c5d55146d5,Default,COMPLETED,EC2,197.0,,arn:aws:kms:sa-east-1:363353661606:key/52ef2dd4-4fb4-4e7d-8683-930d90b9e636,,,,
corporateprod,sa-east-1,backup,arn:aws:ec2:sa-east-1::image/ami-0d7e324a2654db435,arn:aws:ec2:sa-east-1:564593125549:instance/i-0a1e3f5c5d55146d5,Default,COMPLETED,EC2,197.0,,arn:aws:kms:sa-east-1:363353661606:key/52ef2dd4-4fb4-4e7d-8683-930d90b9e636,,,,
corporateprod,sa-east-1,backup,arn:aws:ec2:sa-east-1::image/ami-0bf0a4380ab747026,arn:aws:ec2:sa-east-1:564593125549:instance/i-0a1e3f5c5d55146d5,Default,COMPLETED,EC2,197.0,,arn:aws:kms:sa-east-1:363353661606:key/52ef2dd4-4fb4-4e7d-8683-930d90b9e636,,,,
corporateprod,sa-east-1,backup,arn:aws:ec2:sa-east-1::image/ami-07d9c602f3e967c75,arn:aws:ec2:sa-east-1:564593125549:instance/i-0a1e3f5c5d55146d5,Default,COMPLETED,EC2,197.0,,arn:aws:kms:sa-east-1:363353661606:key/52ef2dd4-4fb4-4e7d-8683-930d90b9e636,,,,
corporateprod,sa-east-1,backup,arn:aws:ec2:sa-east-1::image/ami-0a3bdeae7138b0441,arn:aws:ec2:sa-east-1:564593125549:instance/i-0a1e3f5c5d55146d5,Default,COMPLETED,EC2,197.0,,arn:aws:kms:sa-east-1:363353661606:key/52ef2dd4-4fb4-4e7d-8683-930d90b9e636,,,,
corporateprod,sa-east-1,backup,arn:aws:ec2:sa-east-1::image/ami-0da2ed50e8255d1dc,arn:aws:ec2:sa-east-1:564593125549:instance/i-0a1e3f5c5d55146d5,Default,COMPLETED,EC2,197.0,,arn:aws:kms:sa-east-1:363353661606:key/52ef2dd4-4fb4-4e7d-8683-930d90b9e636,,,,
corporateprod,sa-east-1,backup,arn:aws:ec2:sa-east-1::image/ami-09e59ea8c9ec0795d,arn:aws:ec2:sa-east-1:564593125549:instance/i-0a1e3f5c5d55146d5,Default,COMPLETED,EC2,197.0,,arn:aws:kms:sa-east-1:363353661606:key/52ef2dd4-4fb4-4e7d-8683-930d90b9e636,,,,
corporateprod,sa-east-1,backup,arn:aws:ec2:sa-east-1::image/ami-0eff0a665b24588d9,arn:aws:ec2:sa-east-1:564593125549:instance/i-0a1e3f5c5d55146d5,Default,COMPLETED,EC2,197.0,,arn:aws:kms:sa-east-1:363353661606:key/52ef2dd4-4fb4-4e7d-8683-930d90b9e636,,,,
corporateprod,sa-east-1,backup,arn:aws:backup:sa-east-1:564593125549:recovery-point:07a99e3b-611a-4770-b702-b6b13adb2aaf,arn:aws:elasticfilesystem:sa-east-1:564593125549:file-system/fs-095ab2857b9d905cc,aws/efs/automatic-backup-vault,COMPLETED,EFS,1.1,,arn:aws:kms:sa-east-1:564593125549:key/73ea8a61-bb6f-44b9-9abd-6e195bb1be18,,,,
corporateprod,sa-east-1,backup,arn:aws:backup:sa-east-1:564593125549:recovery-point:555ec002-5a0d-4785-9598-d3ebe4ca8f17,arn:aws:elasticfilesystem:sa-east-1:564593125549:file-system/fs-3d4f2130,aws/efs/automatic-backup-vault,COMPLETED,EFS,,,arn:aws:kms:sa-east-1:564593125549:key/73ea8a61-bb6f-44b9-9abd-6e195bb1be18,,,,
corporateprod,sa-east-1,backup,arn:aws:backup:sa-east-1:564593125549:recovery-point:31ecf46f-3fba-44bc-a382-74fd4f8d34d1,arn:aws:elasticfilesystem:sa-east-1:564593125549:file-system/fs-3d4f2130,aws/efs/automatic-backup-vault,COMPLETED,EFS,,,arn:aws:kms:sa-east-1:564593125549:key/73ea8a61-bb6f-44b9-9abd-6e195bb1be18,,,,
corporateprod,sa-east-1,backup,arn:aws:backup:sa-east-1:564593125549:recovery-point:adf24e22-2bae-4783-9776-b9428e7e6785,arn:aws:elasticfilesystem:sa-east-1:564593125549:file-system/fs-095ab2857b9d905cc,aws/efs/automatic-backup-vault,COMPLETED,EFS,1.0,,arn:aws:kms:sa-east-1:564593125549:key/73ea8a61-bb6f-44b9-9abd-6e195bb1be18,,,,
corporateprod,sa-east-1,backup,arn:aws:backup:sa-east-1:564593125549:recovery-point:aa3daba2-ca1b-4945-b480-ec9ff66c9feb,arn:aws:elasticfilesystem:sa-east-1:564593125549:file-system/fs-3d4f2130,aws/efs/automatic-backup-vault,COMPLETED,EFS,,,arn:aws:kms:sa-east-1:564593125549:key/73ea8a61-bb6f-44b9-9abd-6e195bb1be18,,,,
corporateprod,sa-east-1,backup,arn:aws:backup:sa-east-1:564593125549:recovery-point:b01adeca-7937-424c-9354-f79b1533f9fb,arn:aws:elasticfilesystem:sa-east-1:564593125549:file-system/fs-095ab2857b9d905cc,aws/efs/automatic-backup-vault,COMPLETED,EFS,1.16,,arn:aws:kms:sa-east-1:564593125549:key/73ea8a61-bb6f-44b9-9abd-6e195bb1be18,,,,
corporateprod,sa-east-1,backup,arn:aws:backup:sa-east-1:564593125549:recovery-point:4802b842-56ea-49bd-8b4f-81ccd031c950,arn:aws:elasticfilesystem:sa-east-1:564593125549:file-system/fs-3d4f2130,aws/efs/automatic-backup-vault,COMPLETED,EFS,,,arn:aws:kms:sa-east-1:564593125549:key/73ea8a61-bb6f-44b9-9abd-6e195bb1be18,,,,
corporateprod,sa-east-1,backup,arn:aws:backup:sa-east-1:564593125549:recovery-point:8efb139b-5caa-4545-a3d8-835cc2343f40,arn:aws:elasticfilesystem:sa-east-1:564593125549:file-system/fs-095ab2857b9d905cc,aws/efs/automatic-backup-vault,COMPLETED,EFS,1.11,,arn:aws:kms:sa-east-1:564593125549:key/73ea8a61-bb6f-44b9-9abd-6e195bb1be18,,,,
corporateprod,sa-east-1,backup,arn:aws:backup:sa-east-1:564593125549:recovery-point:1c40321b-2e7d-4664-9d6d-cf9d5644b7e6,arn:aws:elasticfilesystem:sa-east-1:564593125549:file-system/fs-095ab2857b9d905cc,aws/efs/automatic-backup-vault,COMPLETED,EFS,1.01,,arn:aws:kms:sa-east-1:564593125549:key/73ea8a61-bb6f-44b9-9abd-6e195bb1be18,,,,
corporateprod,sa-east-1,backup,arn:aws:backup:sa-east-1:564593125549:recovery-point:4d94eaf1-408e-49ac-8de8-1288e095e361,arn:aws:elasticfilesystem:sa-east-1:564593125549:file-system/fs-3d4f2130,aws/efs/automatic-backup-vault,COMPLETED,EFS,,,arn:aws:kms:sa-east-1:564593125549:key/73ea8a61-bb6f-44b9-9abd-6e195bb1be18,,,,
corporateprod,sa-east-1,backup,arn:aws:backup:sa-east-1:564593125549:recovery-point:7b626aee-602b-4851-9431-180ea4a41966,arn:aws:elasticfilesystem:sa-east-1:564593125549:file-system/fs-3d4f2130,aws/efs/automatic-backup-vault,COMPLETED,EFS,,,arn:aws:kms:sa-east-1:564593125549:key/73ea8a61-bb6f-44b9-9abd-6e195bb1be18,,,,
corporateprod,sa-east-1,backup,arn:aws:backup:sa-east-1:564593125549:recovery-point:36f3738d-e4d0-474a-bb80-f50ab466ba81,arn:aws:elasticfilesystem:sa-east-1:564593125549:file-system/fs-095ab2857b9d905cc,aws/efs/automatic-backup-vault,COMPLETED,EFS,1.18,,arn:aws:kms:sa-east-1:564593125549:key/73ea8a61-bb6f-44b9-9abd-6e195bb1be18,,,,
corporateprod,sa-east-1,backup,arn:aws:backup:sa-east-1:564593125549:recovery-point:6e4117e8-5986-495c-bc9a-5b883a0e5adf,arn:aws:elasticfilesystem:sa-east-1:564593125549:file-system/fs-3d4f2130,aws/efs/automatic-backup-vault,COMPLETED,EFS,,,arn:aws:kms:sa-east-1:564593125549:key/73ea8a61-bb6f-44b9-9abd-6e195bb1be18,,,,
corporateprod,sa-east-1,backup,arn:aws:backup:sa-east-1:564593125549:recovery-point:de0671d3-bce5-400c-a803-bf6b92e2a69f,arn:aws:elasticfilesystem:sa-east-1:564593125549:file-system/fs-095ab2857b9d905cc,aws/efs/automatic-backup-vault,COMPLETED,EFS,1.11,,arn:aws:kms:sa-east-1:564593125549:key/73ea8a61-bb6f-44b9-9abd-6e195bb1be18,,,,
corporateprod,sa-east-1,backup,arn:aws:backup:sa-east-1:564593125549:recovery-point:88c0c2de-aad5-49bd-bdc9-aabec1c4f097,arn:aws:elasticfilesystem:sa-east-1:564593125549:file-system/fs-095ab2857b9d905cc,aws/efs/automatic-backup-vault,COMPLETED,EFS,1.02,,arn:aws:kms:sa-east-1:564593125549:key/73ea8a61-bb6f-44b9-9abd-6e195bb1be18,,,,
corporateprod,sa-east-1,backup,arn:aws:backup:sa-east-1:564593125549:recovery-point:ea5b302b-ad8a-4a8e-b1cd-532dd1830790,arn:aws:elasticfilesystem:sa-east-1:564593125549:file-system/fs-3d4f2130,aws/efs/automatic-backup-vault,COMPLETED,EFS,,,arn:aws:kms:sa-east-1:564593125549:key/73ea8a61-bb6f-44b9-9abd-6e195bb1be18,,,,
corporateprod,sa-east-1,backup,arn:aws:backup:sa-east-1:564593125549:recovery-point:c75a1ef8-24a1-42d9-961c-027552e13c96,arn:aws:elasticfilesystem:sa-east-1:564593125549:file-system/fs-3d4f2130,aws/efs/automatic-backup-vault,COMPLETED,EFS,,,arn:aws:kms:sa-east-1:564593125549:key/73ea8a61-bb6f-44b9-9abd-6e195bb1be18,,,,
corporateprod,sa-east-1,backup,arn:aws:backup:sa-east-1:564593125549:recovery-point:862cf101-49a9-4bb9-99f1-e57008251bc3,arn:aws:elasticfilesystem:sa-east-1:564593125549:file-system/fs-095ab2857b9d905cc,aws/efs/automatic-backup-vault,COMPLETED,EFS,0.99,,arn:aws:kms:sa-east-1:564593125549:key/73ea8a61-bb6f-44b9-9abd-6e195bb1be18,,,,
corporateprod,sa-east-1,backup,arn:aws:backup:sa-east-1:564593125549:recovery-point:6706fb98-ce95-42df-b6d0-774217621c3c,arn:aws:elasticfilesystem:sa-east-1:564593125549:file-system/fs-095ab2857b9d905cc,aws/efs/automatic-backup-vault,COMPLETED,EFS,0.9,,arn:aws:kms:sa-east-1:564593125549:key/73ea8a61-bb6f-44b9-9abd-6e195bb1be18,,,,
corporateprod,sa-east-1,backup,arn:aws:backup:sa-east-1:564593125549:recovery-point:7bd95278-35a9-42b4-96c0-0ad73f65ec5f,arn:aws:elasticfilesystem:sa-east-1:564593125549:file-system/fs-3d4f2130,aws/efs/automatic-backup-vault,COMPLETED,EFS,,,arn:aws:kms:sa-east-1:564593125549:key/73ea8a61-bb6f-44b9-9abd-6e195bb1be18,,,,
corporateprod,sa-east-1,backup,arn:aws:backup:sa-east-1:564593125549:recovery-point:a089a2e1-8ed8-4c91-b3c4-04f042b29058,arn:aws:elasticfilesystem:sa-east-1:564593125549:file-system/fs-3d4f2130,aws/efs/automatic-backup-vault,COMPLETED,EFS,,,arn:aws:kms:sa-east-1:564593125549:key/73ea8a61-bb6f-44b9-9abd-6e195bb1be18,,,,
corporateprod,sa-east-1,backup,arn:aws:backup:sa-east-1:564593125549:recovery-point:d7842c93-c04f-4906-ab2f-7c373d8f6263,arn:aws:elasticfilesystem:sa-east-1:564593125549:file-system/fs-095ab2857b9d905cc,aws/efs/automatic-backup-vault,COMPLETED,EFS,0.8,,arn:aws:kms:sa-east-1:564593125549:key/73ea8a61-bb6f-44b9-9abd-6e195bb1be18,,,,
corporateprod,sa-east-1,backup,arn:aws:backup:sa-east-1:564593125549:recovery-point:6ca17bb5-9375-42b0-9207-ef31cee01657,arn:aws:elasticfilesystem:sa-east-1:564593125549:file-system/fs-095ab2857b9d905cc,aws/efs/automatic-backup-vault,COMPLETED,EFS,0.98,,arn:aws:kms:sa-east-1:564593125549:key/73ea8a61-bb6f-44b9-9abd-6e195bb1be18,,,,
corporateprod,sa-east-1,backup,arn:aws:backup:sa-east-1:564593125549:recovery-point:39b2479c-8224-4a75-9b5b-93583f378fba,arn:aws:elasticfilesystem:sa-east-1:564593125549:file-system/fs-3d4f2130,aws/efs/automatic-backup-vault,COMPLETED,EFS,,,arn:aws:kms:sa-east-1:564593125549:key/73ea8a61-bb6f-44b9-9abd-6e195bb1be18,,,,
corporateprod,sa-east-1,backup,arn:aws:backup:sa-east-1:564593125549:recovery-point:662f05ff-3c8b-4310-9b11-7d3e7f8b9b09,arn:aws:elasticfilesystem:sa-east-1:564593125549:file-system/fs-095ab2857b9d905cc,aws/efs/automatic-backup-vault,COMPLETED,EFS,0.9,,arn:aws:kms:sa-east-1:564593125549:key/73ea8a61-bb6f-44b9-9abd-6e195bb1be18,,,,
corporateprod,sa-east-1,backup,arn:aws:backup:sa-east-1:564593125549:recovery-point:d89a4176-7bee-4a0b-b9d2-a3f407196052,arn:aws:elasticfilesystem:sa-east-1:564593125549:file-system/fs-3d4f2130,aws/efs/automatic-backup-vault,COMPLETED,EFS,,,arn:aws:kms:sa-east-1:564593125549:key/73ea8a61-bb6f-44b9-9abd-6e195bb1be18,,,,
corporateprod,sa-east-1,backup,arn:aws:backup:sa-east-1:564593125549:recovery-point:1e5c82a5-e73b-427d-856c-49fb8184f8ee,arn:aws:elasticfilesystem:sa-east-1:564593125549:file-system/fs-095ab2857b9d905cc,aws/efs/automatic-backup-vault,COMPLETED,EFS,0.79,,arn:aws:kms:sa-east-1:564593125549:key/73ea8a61-bb6f-44b9-9abd-6e195bb1be18,,,,
corporateprod,sa-east-1,backup,arn:aws:backup:sa-east-1:564593125549:recovery-point:41f7aef5-8698-4b53-9822-efb398ad657c,arn:aws:elasticfilesystem:sa-east-1:564593125549:file-system/fs-3d4f2130,aws/efs/automatic-backup-vault,COMPLETED,EFS,,,arn:aws:kms:sa-east-1:564593125549:key/73ea8a61-bb6f-44b9-9abd-6e195bb1be18,,,,
corporateprod,sa-east-1,backup,arn:aws:backup:sa-east-1:564593125549:recovery-point:15cda266-6b1d-4621-a91f-58769b75a3f0,arn:aws:elasticfilesystem:sa-east-1:564593125549:file-system/fs-095ab2857b9d905cc,aws/efs/automatic-backup-vault,COMPLETED,EFS,0.98,,arn:aws:kms:sa-east-1:564593125549:key/73ea8a61-bb6f-44b9-9abd-6e195bb1be18,,,,
corporateprod,sa-east-1,backup,arn:aws:backup:sa-east-1:564593125549:recovery-point:7469ceb3-d841-4b55-b7e9-94e30fd00fbf,arn:aws:elasticfilesystem:sa-east-1:564593125549:file-system/fs-3d4f2130,aws/efs/automatic-backup-vault,COMPLETED,EFS,,,arn:aws:kms:sa-east-1:564593125549:key/73ea8a61-bb6f-44b9-9abd-6e195bb1be18,,,,
corporateprod,sa-east-1,backup,arn:aws:backup:sa-east-1:564593125549:recovery-point:6c8c48d5-afa3-4684-b313-d95b3f1c5a35,arn:aws:elasticfilesystem:sa-east-1:564593125549:file-system/fs-3d4f2130,aws/efs/automatic-backup-vault,COMPLETED,EFS,,,arn:aws:kms:sa-east-1:564593125549:key/73ea8a61-bb6f-44b9-9abd-6e195bb1be18,,,,
corporateprod,sa-east-1,backup,arn:aws:backup:sa-east-1:564593125549:recovery-point:d16a16c2-f431-42a9-ac24-adf2a0a31e28,arn:aws:elasticfilesystem:sa-east-1:564593125549:file-system/fs-095ab2857b9d905cc,aws/efs/automatic-backup-vault,COMPLETED,EFS,0.9,,arn:aws:kms:sa-east-1:564593125549:key/73ea8a61-bb6f-44b9-9abd-6e195bb1be18,,,,
corporateprod,sa-east-1,backup,arn:aws:backup:sa-east-1:564593125549:recovery-point:fede616a-746a-45aa-8b9e-5534e1ba3881,arn:aws:elasticfilesystem:sa-east-1:564593125549:file-system/fs-095ab2857b9d905cc,aws/efs/automatic-backup-vault,COMPLETED,EFS,0.8,,arn:aws:kms:sa-east-1:564593125549:key/73ea8a61-bb6f-44b9-9abd-6e195bb1be18,,,,
corporateprod,sa-east-1,backup,arn:aws:backup:sa-east-1:564593125549:recovery-point:2677ea5f-f3cb-4ca5-a165-c82746cbe55c,arn:aws:elasticfilesystem:sa-east-1:564593125549:file-system/fs-3d4f2130,aws/efs/automatic-backup-vault,COMPLETED,EFS,,,arn:aws:kms:sa-east-1:564593125549:key/73ea8a61-bb6f-44b9-9abd-6e195bb1be18,,,,
corporateprod,sa-east-1,backup,arn:aws:backup:sa-east-1:564593125549:recovery-point:c40418f7-94aa-4ec7-b702-6d2b77994d01,arn:aws:elasticfilesystem:sa-east-1:564593125549:file-system/fs-095ab2857b9d905cc,aws/efs/automatic-backup-vault,COMPLETED,EFS,0.98,,arn:aws:kms:sa-east-1:564593125549:key/73ea8a61-bb6f-44b9-9abd-6e195bb1be18,,,,
corporateprod,sa-east-1,backup,arn:aws:backup:sa-east-1:564593125549:recovery-point:ad9af210-fe79-4938-9489-337dd2456bb9,arn:aws:elasticfilesystem:sa-east-1:564593125549:file-system/fs-3d4f2130,aws/efs/automatic-backup-vault,COMPLETED,EFS,,,arn:aws:kms:sa-east-1:564593125549:key/73ea8a61-bb6f-44b9-9abd-6e195bb1be18,,,,
corporateprod,sa-east-1,backup,arn:aws:backup:sa-east-1:564593125549:recovery-point:84b546b0-a9d9-4e4f-bd40-b2ca2f663786,arn:aws:elasticfilesystem:sa-east-1:564593125549:file-system/fs-095ab2857b9d905cc,aws/efs/automatic-backup-vault,COMPLETED,EFS,0.9,,arn:aws:kms:sa-east-1:564593125549:key/73ea8a61-bb6f-44b9-9abd-6e195bb1be18,,,,
corporateprod,sa-east-1,backup,arn:aws:backup:sa-east-1:564593125549:recovery-point:773a7ab3-e20a-4b97-b82c-200e41f5150f,arn:aws:elasticfilesystem:sa-east-1:564593125549:file-system/fs-3d4f2130,aws/efs/automatic-backup-vault,COMPLETED,EFS,,,arn:aws:kms:sa-east-1:564593125549:key/73ea8a61-bb6f-44b9-9abd-6e195bb1be18,,,,
corporateprod,sa-east-1,backup,arn:aws:backup:sa-east-1:564593125549:recovery-point:e802d249-7210-4915-b3ef-ec31b0903475,arn:aws:elasticfilesystem:sa-east-1:564593125549:file-system/fs-3d4f2130,aws/efs/automatic-backup-vault,COMPLETED,EFS,,,arn:aws:kms:sa-east-1:564593125549:key/73ea8a61-bb6f-44b9-9abd-6e195bb1be18,,,,
corporateprod,sa-east-1,backup,arn:aws:backup:sa-east-1:564593125549:recovery-point:bf12c7e4-a9ed-417a-9b8f-aa2ce2adeb05,arn:aws:elasticfilesystem:sa-east-1:564593125549:file-system/fs-095ab2857b9d905cc,aws/efs/automatic-backup-vault,COMPLETED,EFS,0.79,,arn:aws:kms:sa-east-1:564593125549:key/73ea8a61-bb6f-44b9-9abd-6e195bb1be18,,,,
corporateprod,sa-east-1,backup,arn:aws:backup:sa-east-1:564593125549:recovery-point:c9c8d50e-0ff7-460f-8f9a-b473b9bbc191,arn:aws:elasticfilesystem:sa-east-1:564593125549:file-system/fs-3d4f2130,aws/efs/automatic-backup-vault,COMPLETED,EFS,,,arn:aws:kms:sa-east-1:564593125549:key/73ea8a61-bb6f-44b9-9abd-6e195bb1be18,,,,
corporateprod,sa-east-1,backup,arn:aws:backup:sa-east-1:564593125549:recovery-point:9675a962-2d37-431b-bb18-0cc4736f8b75,arn:aws:elasticfilesystem:sa-east-1:564593125549:file-system/fs-095ab2857b9d905cc,aws/efs/automatic-backup-vault,COMPLETED,EFS,0.98,,arn:aws:kms:sa-east-1:564593125549:key/73ea8a61-bb6f-44b9-9abd-6e195bb1be18,,,,
corporateprod,sa-east-1,backup,arn:aws:backup:sa-east-1:564593125549:recovery-point:dfd5f734-0464-4397-919a-5be52558738f,arn:aws:elasticfilesystem:sa-east-1:564593125549:file-system/fs-095ab2857b9d905cc,aws/efs/automatic-backup-vault,COMPLETED,EFS,0.9,,arn:aws:kms:sa-east-1:564593125549:key/73ea8a61-bb6f-44b9-9abd-6e195bb1be18,,,,
corporateprod,sa-east-1,backup,arn:aws:backup:sa-east-1:564593125549:recovery-point:499792d9-70e1-4f07-bb34-fe34526750cc,arn:aws:elasticfilesystem:sa-east-1:564593125549:file-system/fs-3d4f2130,aws/efs/automatic-backup-vault,COMPLETED,EFS,,,arn:aws:kms:sa-east-1:564593125549:key/73ea8a61-bb6f-44b9-9abd-6e195bb1be18,,,,
corporateprod,sa-east-1,backup,arn:aws:backup:sa-east-1:564593125549:recovery-point:3b63865e-a6d5-4810-ad7f-ef26e2f5c5b3,arn:aws:elasticfilesystem:sa-east-1:564593125549:file-system/fs-095ab2857b9d905cc,aws/efs/automatic-backup-vault,COMPLETED,EFS,0.8,,arn:aws:kms:sa-east-1:564593125549:key/73ea8a61-bb6f-44b9-9abd-6e195bb1be18,,,,
corporateprod,sa-east-1,backup,arn:aws:backup:sa-east-1:564593125549:recovery-point:a98c95e2-0e78-4089-89ac-b138e4b7acd2,arn:aws:elasticfilesystem:sa-east-1:564593125549:file-system/fs-3d4f2130,aws/efs/automatic-backup-vault,COMPLETED,EFS,,,arn:aws:kms:sa-east-1:564593125549:key/73ea8a61-bb6f-44b9-9abd-6e195bb1be18,,,,
corporateprod,sa-east-1,backup,arn:aws:backup:sa-east-1:564593125549:recovery-point:b1b35280-f27e-4778-a2a1-464a968916ed,arn:aws:elasticfilesystem:sa-east-1:564593125549:file-system/fs-095ab2857b9d905cc,aws/efs/automatic-backup-vault,COMPLETED,EFS,0.98,,arn:aws:kms:sa-east-1:564593125549:key/73ea8a61-bb6f-44b9-9abd-6e195bb1be18,,,,
corporateprod,sa-east-1,backup,arn:aws:backup:sa-east-1:564593125549:recovery-point:5e3ceb69-610b-4591-ba0f-813b60cc65ca,arn:aws:elasticfilesystem:sa-east-1:564593125549:file-system/fs-3d4f2130,aws/efs/automatic-backup-vault,COMPLETED,EFS,,,arn:aws:kms:sa-east-1:564593125549:key/73ea8a61-bb6f-44b9-9abd-6e195bb1be18,,,,
corporateprod,sa-east-1,backup,arn:aws:backup:sa-east-1:564593125549:recovery-point:05738ea2-9a1a-4bf1-891b-7472e409b05f,arn:aws:elasticfilesystem:sa-east-1:564593125549:file-system/fs-3d4f2130,aws/efs/automatic-backup-vault,COMPLETED,EFS,,,arn:aws:kms:sa-east-1:564593125549:key/73ea8a61-bb6f-44b9-9abd-6e195bb1be18,,,,
corporateprod,sa-east-1,backup,arn:aws:backup:sa-east-1:564593125549:recovery-point:2586768d-205b-437a-8f25-733dc99a4ab9,arn:aws:elasticfilesystem:sa-east-1:564593125549:file-system/fs-095ab2857b9d905cc,aws/efs/automatic-backup-vault,COMPLETED,EFS,0.9,,arn:aws:kms:sa-east-1:564593125549:key/73ea8a61-bb6f-44b9-9abd-6e195bb1be18,,,,
corporateprod,sa-east-1,backup,arn:aws:backup:sa-east-1:564593125549:recovery-point:0a8b3ee3-cb66-4211-b562-486b6b1fbab8,arn:aws:elasticfilesystem:sa-east-1:564593125549:file-system/fs-095ab2857b9d905cc,aws/efs/automatic-backup-vault,COMPLETED,EFS,0.79,,arn:aws:kms:sa-east-1:564593125549:key/73ea8a61-bb6f-44b9-9abd-6e195bb1be18,,,,
corporateprod,sa-east-1,backup,arn:aws:backup:sa-east-1:564593125549:recovery-point:a8c39ca7-65f7-4379-b573-c937a6114816,arn:aws:elasticfilesystem:sa-east-1:564593125549:file-system/fs-3d4f2130,aws/efs/automatic-backup-vault,COMPLETED,EFS,,,arn:aws:kms:sa-east-1:564593125549:key/73ea8a61-bb6f-44b9-9abd-6e195bb1be18,,,,
corporateprod,sa-east-1,backup,arn:aws:backup:sa-east-1:564593125549:recovery-point:12e39f47-e2a7-4af5-9980-eba056a706df,arn:aws:elasticfilesystem:sa-east-1:564593125549:file-system/fs-3d4f2130,aws/efs/automatic-backup-vault,COMPLETED,EFS,,,arn:aws:kms:sa-east-1:564593125549:key/73ea8a61-bb6f-44b9-9abd-6e195bb1be18,,,,
corporateprod,sa-east-1,backup,arn:aws:backup:sa-east-1:564593125549:recovery-point:d3a1d747-d09b-495b-b163-865609b31a27,arn:aws:elasticfilesystem:sa-east-1:564593125549:file-system/fs-095ab2857b9d905cc,aws/efs/automatic-backup-vault,COMPLETED,EFS,0.99,,arn:aws:kms:sa-east-1:564593125549:key/73ea8a61-bb6f-44b9-9abd-6e195bb1be18,,,,
corporateprod,sa-east-1,backup,arn:aws:backup:sa-east-1:564593125549:recovery-point:b5584992-fcb2-4858-a5b5-2d01b8b63ac4,arn:aws:elasticfilesystem:sa-east-1:564593125549:file-system/fs-3d4f2130,aws/efs/automatic-backup-vault,COMPLETED,EFS,,,arn:aws:kms:sa-east-1:564593125549:key/73ea8a61-bb6f-44b9-9abd-6e195bb1be18,,,,
corporateprod,sa-east-1,backup,arn:aws:backup:sa-east-1:564593125549:recovery-point:0e5cb9b3-6cb9-40dd-aa8a-ea9599abf4b5,arn:aws:elasticfilesystem:sa-east-1:564593125549:file-system/fs-095ab2857b9d905cc,aws/efs/automatic-backup-vault,COMPLETED,EFS,0.92,,arn:aws:kms:sa-east-1:564593125549:key/73ea8a61-bb6f-44b9-9abd-6e195bb1be18,,,,
corporateprod,sa-east-1,backup,arn:aws:backup:sa-east-1:564593125549:recovery-point:aa5b0c17-58e0-495a-b18a-ef6ff94aece2,arn:aws:elasticfilesystem:sa-east-1:564593125549:file-system/fs-3d4f2130,aws/efs/automatic-backup-vault,COMPLETED,EFS,,,arn:aws:kms:sa-east-1:564593125549:key/73ea8a61-bb6f-44b9-9abd-6e195bb1be18,,,,
corporateprod,sa-east-1,backup,arn:aws:backup:sa-east-1:564593125549:recovery-point:4c3a049b-7e3b-4187-8817-93d531e9821f,arn:aws:elasticfilesystem:sa-east-1:564593125549:file-system/fs-095ab2857b9d905cc,aws/efs/automatic-backup-vault,COMPLETED,EFS,0.82,,arn:aws:kms:sa-east-1:564593125549:key/73ea8a61-bb6f-44b9-9abd-6e195bb1be18,,,,
corporateprod,sa-east-1,backup,arn:aws:backup:sa-east-1:564593125549:recovery-point:ae571a59-e403-493c-83f3-feef19998781,arn:aws:elasticfilesystem:sa-east-1:564593125549:file-system/fs-095ab2857b9d905cc,aws/efs/automatic-backup-vault,COMPLETED,EFS,1.2,,arn:aws:kms:sa-east-1:564593125549:key/73ea8a61-bb6f-44b9-9abd-6e195bb1be18,,,,
corporateprod,sa-east-1,backup,arn:aws:backup:sa-east-1:564593125549:recovery-point:2cd07240-a44e-49e3-ae8b-8b7cdf7fcf0a,arn:aws:elasticfilesystem:sa-east-1:564593125549:file-system/fs-3d4f2130,aws/efs/automatic-backup-vault,COMPLETED,EFS,,,arn:aws:kms:sa-east-1:564593125549:key/73ea8a61-bb6f-44b9-9abd-6e195bb1be18,,,,
corporateprod,sa-east-1,backup,arn:aws:backup:sa-east-1:564593125549:recovery-point:63879331-7f10-496b-9ea5-c4b839b15422,arn:aws:elasticfilesystem:sa-east-1:564593125549:file-system/fs-3d4f2130,aws/efs/automatic-backup-vault,COMPLETED,EFS,,,arn:aws:kms:sa-east-1:564593125549:key/73ea8a61-bb6f-44b9-9abd-6e195bb1be18,,,,
corporateprod,sa-east-1,backup,arn:aws:backup:sa-east-1:564593125549:recovery-point:bd7ead72-01a2-449b-a9f9-eb4da18849ec,arn:aws:elasticfilesystem:sa-east-1:564593125549:file-system/fs-095ab2857b9d905cc,aws/efs/automatic-backup-vault,COMPLETED,EFS,1.14,,arn:aws:kms:sa-east-1:564593125549:key/73ea8a61-bb6f-44b9-9abd-6e195bb1be18,,,,
corporateprod,sa-east-1,backup,arn:aws:backup:sa-east-1:564593125549:recovery-point:9ff305fd-de21-4ca8-a22f-efd6464a487d,arn:aws:elasticfilesystem:sa-east-1:564593125549:file-system/fs-3d4f2130,aws/efs/automatic-backup-vault,COMPLETED,EFS,,,arn:aws:kms:sa-east-1:564593125549:key/73ea8a61-bb6f-44b9-9abd-6e195bb1be18,,,,
corporateprod,sa-east-1,backup,arn:aws:backup:sa-east-1:564593125549:recovery-point:7feb53f2-353d-4047-98c1-08116a892570,arn:aws:elasticfilesystem:sa-east-1:564593125549:file-system/fs-095ab2857b9d905cc,aws/efs/automatic-backup-vault,COMPLETED,EFS,0.84,,arn:aws:kms:sa-east-1:564593125549:key/73ea8a61-bb6f-44b9-9abd-6e195bb1be18,,,,
corporateprod,sa-east-1,backup,arn:aws:backup:sa-east-1:564593125549:recovery-point:982a5988-955c-46bb-8290-062ac1b77c06,arn:aws:elasticfilesystem:sa-east-1:564593125549:file-system/fs-095ab2857b9d905cc,aws/efs/automatic-backup-vault,COMPLETED,EFS,1.03,,arn:aws:kms:sa-east-1:564593125549:key/73ea8a61-bb6f-44b9-9abd-6e195bb1be18,,,,
corporateprod,sa-east-1,backup,arn:aws:backup:sa-east-1:564593125549:recovery-point:9799395c-3966-432c-a686-72f41fefaa28,arn:aws:elasticfilesystem:sa-east-1:564593125549:file-system/fs-3d4f2130,aws/efs/automatic-backup-vault,COMPLETED,EFS,,,arn:aws:kms:sa-east-1:564593125549:key/73ea8a61-bb6f-44b9-9abd-6e195bb1be18,,,,
corporateprod,sa-east-1,backup,arn:aws:backup:sa-east-1:564593125549:recovery-point:f4844428-6bee-4d12-86f8-b45bbfdeea89,arn:aws:elasticfilesystem:sa-east-1:564593125549:file-system/fs-3d4f2130,aws/efs/automatic-backup-vault,COMPLETED,EFS,,,arn:aws:kms:sa-east-1:564593125549:key/73ea8a61-bb6f-44b9-9abd-6e195bb1be18,,,,
corporateprod,sa-east-1,backup,arn:aws:backup:sa-east-1:564593125549:recovery-point:d6c3b5fb-5df3-4bc7-88b9-86aa5cc2996d,arn:aws:elasticfilesystem:sa-east-1:564593125549:file-system/fs-095ab2857b9d905cc,aws/efs/automatic-backup-vault,COMPLETED,EFS,0.95,,arn:aws:kms:sa-east-1:564593125549:key/73ea8a61-bb6f-44b9-9abd-6e195bb1be18,,,,
corporateprod,sa-east-1,backup,arn:aws:backup:sa-east-1:564593125549:recovery-point:99b41e21-cf82-433e-8dca-13cbbe9e5bd5,arn:aws:elasticfilesystem:sa-east-1:564593125549:file-system/fs-3d4f2130,aws/efs/automatic-backup-vault,COMPLETED,EFS,,,arn:aws:kms:sa-east-1:564593125549:key/73ea8a61-bb6f-44b9-9abd-6e195bb1be18,,,,
corporateprod,sa-east-1,backup,arn:aws:backup:sa-east-1:564593125549:recovery-point:5793b78d-cf5b-4e2c-89c2-f574535b459f,arn:aws:elasticfilesystem:sa-east-1:564593125549:file-system/fs-095ab2857b9d905cc,aws/efs/automatic-backup-vault,COMPLETED,EFS,0.84,,arn:aws:kms:sa-east-1:564593125549:key/73ea8a61-bb6f-44b9-9abd-6e195bb1be18,,,,
corporateprod,sa-east-1,backup,arn:aws:ec2:sa-east-1::image/ami-0328382f5926fa187,arn:aws:ec2:sa-east-1:564593125549:instance/i-09d72d2f1b3e62466,backup-vault-corporateprod,COMPLETED,EC2,100.0,,arn:aws:kms:sa-east-1:564593125549:key/af04939f-4d0a-461b-ae2f-8a8e5cececc4,,,,
corporateprod,sa-east-1,backup,arn:aws:ec2:sa-east-1::image/ami-0d5c9278d37351199,arn:aws:ec2:sa-east-1:564593125549:instance/i-09d72d2f1b3e62466,backup-vault-corporateprod,COMPLETED,EC2,100.0,,arn:aws:kms:sa-east-1:564593125549:key/af04939f-4d0a-461b-ae2f-8a8e5cececc4,,,,
corporateprod,sa-east-1,backup,arn:aws:ec2:sa-east-1::image/ami-0ba540459d66ca15e,arn:aws:ec2:sa-east-1:564593125549:instance/i-09d72d2f1b3e62466,backup-vault-corporateprod,COMPLETED,EC2,100.0,,arn:aws:kms:sa-east-1:564593125549:key/af04939f-4d0a-461b-ae2f-8a8e5cececc4,,,,
corporateprod,sa-east-1,backup,arn:aws:ec2:sa-east-1::image/ami-0d0956df73fd19286,arn:aws:ec2:sa-east-1:564593125549:instance/i-09d72d2f1b3e62466,backup-vault-corporateprod,COMPLETED,EC2,100.0,,arn:aws:kms:sa-east-1:564593125549:key/af04939f-4d0a-461b-ae2f-8a8e5cececc4,,,,
corporateprod,sa-east-1,backup,arn:aws:ec2:sa-east-1::image/ami-046ebef9c598432dd,arn:aws:ec2:sa-east-1:564593125549:instance/i-09d72d2f1b3e62466,backup-vault-corporateprod,COMPLETED,EC2,100.0,,arn:aws:kms:sa-east-1:564593125549:key/af04939f-4d0a-461b-ae2f-8a8e5cececc4,,,,
corporateprod,sa-east-1,backup,arn:aws:ec2:sa-east-1::image/ami-05d644cf9f28cdd02,arn:aws:ec2:sa-east-1:564593125549:instance/i-09d72d2f1b3e62466,backup-vault-corporateprod,COMPLETED,EC2,100.0,,arn:aws:kms:sa-east-1:564593125549:key/af04939f-4d0a-461b-ae2f-8a8e5cececc4,,,,
corporateprod,sa-east-1,backup,arn:aws:ec2:sa-east-1::image/ami-0bac2866061ab40d9,arn:aws:ec2:sa-east-1:564593125549:instance/i-09d72d2f1b3e62466,backup-vault-corporateprod,COMPLETED,EC2,100.0,,arn:aws:kms:sa-east-1:564593125549:key/af04939f-4d0a-461b-ae2f-8a8e5cececc4,,,,
corporateprod,sa-east-1,backup,arn:aws:ec2:sa-east-1::image/ami-0f447a68b75a2ccc5,arn:aws:ec2:sa-east-1:564593125549:instance/i-09d72d2f1b3e62466,backup-vault-corporateprod,COMPLETED,EC2,100.0,,arn:aws:kms:sa-east-1:564593125549:key/af04939f-4d0a-461b-ae2f-8a8e5cececc4,,,,
corporateprod,sa-east-1,backup,arn:aws:ec2:sa-east-1::image/ami-001bf873bc6abe616,arn:aws:ec2:sa-east-1:564593125549:instance/i-09d72d2f1b3e62466,backup-vault-corporateprod,COMPLETED,EC2,100.0,,arn:aws:kms:sa-east-1:564593125549:key/af04939f-4d0a-461b-ae2f-8a8e5cececc4,,,,
